Student_ID,Name,Gender,Class,Maths,Science,English,Total Marks,Percentage,Grade
101,Ankit,Male,A,85,78,90,253,84.33333333333333,A
102,Rahul,Male,B,67,70,72,209,69.66666666666667,C
103,Priya,Female,A,92,88,95,275,91.66666666666667,A+
104,Sneha,Female,B,76,80,85,241,80.33333333333333,A
105,Aman,Male,A,59,65,60,184,61.333333333333336,C
106,Neha,Female,B,89,92,87,268,89.33333333333333,A
107,Mohit,Male,A,72,75,70,217,72.33333333333333,B
108,Pooja,Female,B,95,90,98,283,94.33333333333333,A+
